{
    "name": "root",
    "gauges": {
        "KartAgent.Policy.Entropy.mean": {
            "value": 0.8075149655342102,
            "min": 0.8075149655342102,
            "max": 1.1114059686660767,
            "count": 20
        },
        "KartAgent.Policy.Entropy.sum": {
            "value": 40353.9453125,
            "min": 40353.9453125,
            "max": 55789.24609375,
            "count": 20
        },
        "KartAgent.Step.mean": {
            "value": 1999964.0,
            "min": 1049964.0,
            "max": 1999964.0,
            "count": 20
        },
        "KartAgent.Step.sum": {
            "value": 1999964.0,
            "min": 1049964.0,
            "max": 1999964.0,
            "count": 20
        },
        "KartAgent.Policy.ExtrinsicValueEstimate.mean": {
            "value": 3.666285514831543,
            "min": 3.666285514831543,
            "max": 4.564358711242676,
            "count": 20
        },
        "KartAgent.Policy.ExtrinsicValueEstimate.sum": {
            "value": 2885.36669921875,
            "min": 2885.36669921875,
            "max": 3596.714599609375,
            "count": 20
        },
        "KartAgent.Policy.GailValueEstimate.mean": {
            "value": 8.36948299407959,
            "min": 8.36948299407959,
            "max": 10.834999084472656,
            "count": 20
        },
        "KartAgent.Policy.GailValueEstimate.sum": {
            "value": 6586.783203125,
            "min": 6586.783203125,
            "max": 8505.474609375,
            "count": 20
        },
        "KartAgent.Losses.PolicyLoss.mean": {
            "value": 0.024402150631261367,
            "min": 0.019551428734945756,
            "max": 0.02617569006746635,
            "count": 20
        },
        "KartAgent.Losses.PolicyLoss.sum": {
            "value": 0.12201075315630683,
            "min": 0.09111519003442178,
            "max": 0.13087845033733175,
            "count": 20
        },
        "KartAgent.Losses.ValueLoss.mean": {
            "value": 1.8918019064267475,
            "min": 1.7172802239656448,
            "max": 1.9715929635365808,
            "count": 20
        },
        "KartAgent.Losses.ValueLoss.sum": {
            "value": 9.459009532133738,
            "min": 6.869120895862579,
            "max": 9.857964817682904,
            "count": 20
        },
        "KartAgent.Policy.LearningRate.mean": {
            "value": 3.506888831070003e-06,
            "min": 3.506888831070003e-06,
            "max": 0.00014614025128660001,
            "count": 20
        },
        "KartAgent.Policy.LearningRate.sum": {
            "value": 1.7534444155350016e-05,
            "min": 1.7534444155350016e-05,
            "max": 0.00069599801800075,
            "count": 20
        },
        "KartAgent.Policy.Epsilon.mean": {
            "value": 0.10116893,
            "min": 0.10116893,
            "max": 0.1487134,
            "count": 20
        },
        "KartAgent.Policy.Epsilon.sum": {
            "value": 0.50584465,
            "min": 0.45506185,
            "max": 0.7319992500000001,
            "count": 20
        },
        "KartAgent.Policy.Beta.mean": {
            "value": 6.832960700000008e-05,
            "min": 6.832960700000008e-05,
            "max": 0.0024407986600000005,
            "count": 20
        },
        "KartAgent.Policy.Beta.sum": {
            "value": 0.0003416480350000004,
            "min": 0.0003416480350000004,
            "max": 0.011626762575000001,
            "count": 20
        },
        "KartAgent.Policy.GAILPolicyEstimate.mean": {
            "value": 0.13205442200104395,
            "min": 0.13205442200104395,
            "max": 0.16304233978192012,
            "count": 20
        },
        "KartAgent.Policy.GAILPolicyEstimate.sum": {
            "value": 0.6602721100052198,
            "min": 0.588928313056628,
            "max": 0.8152116989096005,
            "count": 20
        },
        "KartAgent.Policy.GAILExpertEstimate.mean": {
            "value": 0.9028662916024526,
            "min": 0.867691208422184,
            "max": 0.9028662916024526,
            "count": 20
        },
        "KartAgent.Policy.GAILExpertEstimate.sum": {
            "value": 4.514331458012263,
            "min": 3.470764833688736,
            "max": 4.514331458012263,
            "count": 20
        },
        "KartAgent.Losses.GAILLoss.mean": {
            "value": 0.2828257995843887,
            "min": 0.2828257995843887,
            "max": 0.3594722539186478,
            "count": 20
        },
        "KartAgent.Losses.GAILLoss.sum": {
            "value": 1.4141289979219436,
            "min": 1.2845005482435228,
            "max": 1.7973612695932388,
            "count": 20
        },
        "KartAgent.Policy.GAILGradMagLoss.mean": {
            "value": 0.02968974651147922,
            "min": 0.029320620074868204,
            "max": 0.034942260372142,
            "count": 20
        },
        "KartAgent.Policy.GAILGradMagLoss.sum": {
            "value": 0.1484487325573961,
            "min": 0.12304146972795327,
            "max": 0.17471130186071,
            "count": 20
        },
        "KartAgent.Losses.PretrainingLoss.mean": {
            "value": 0.3424713792900244,
            "min": 0.3424713792900244,
            "max": 0.5891162684808176,
            "count": 20
        },
        "KartAgent.Losses.PretrainingLoss.sum": {
            "value": 1.7123568964501221,
            "min": 1.5417383449772994,
            "max": 2.8413131510217986,
            "count": 20
        },
        "KartAgent.Environment.EpisodeLength.mean": {
            "value": 4197.083333333333,
            "min": 3921.6428571428573,
            "max": 4402.285714285715,
            "count": 20
        },
        "KartAgent.Environment.EpisodeLength.sum": {
            "value": 50365.0,
            "min": 30816.0,
            "max": 60805.0,
            "count": 20
        },
        "KartAgent.Environment.CumulativeReward.mean": {
            "value": 140.87309883534908,
            "min": 121.79883549836549,
            "max": 204.68938476050442,
            "count": 20
        },
        "KartAgent.Environment.CumulativeReward.sum": {
            "value": 1690.477186024189,
            "min": 1298.0892688632011,
            "max": 2687.3092103227973,
            "count": 20
        },
        "KartAgent.Policy.ExtrinsicReward.mean": {
            "value": 140.87309883534908,
            "min": 121.79883549836549,
            "max": 204.68938476050442,
            "count": 20
        },
        "KartAgent.Policy.ExtrinsicReward.sum": {
            "value": 1690.477186024189,
            "min": 1298.0892688632011,
            "max": 2687.3092103227973,
            "count": 20
        },
        "KartAgent.Policy.GailReward.mean": {
            "value": 361.8149462130289,
            "min": 354.5726071862903,
            "max": 458.56607338999,
            "count": 20
        },
        "KartAgent.Policy.GailReward.sum": {
            "value": 4341.779354556347,
            "min": 3127.3484177067876,
            "max": 6419.92502745986,
            "count": 20
        },
        "KartAgent.IsTraining.mean": {
            "value": 1.0,
            "min": 1.0,
            "max": 1.0,
            "count": 20
        },
        "KartAgent.IsTraining.sum": {
            "value": 1.0,
            "min": 1.0,
            "max": 1.0,
            "count": 20
        }
    },
    "metadata": {
        "timer_format_version": "0.1.0",
        "start_time_seconds": "1642018400",
        "python_version": "3.9.5 (tags/v3.9.5:0a7dcbd, May  3 2021, 17:27:52) [MSC v.1928 64 bit (AMD64)]",
        "command_line_arguments": "D:\\GitHub\\Racing-Elimination\\venv\\Scripts\\mlagents-learn config/raceTrackLeft.yaml --run-id=KartAgent --resume",
        "mlagents_version": "0.27.0",
        "mlagents_envs_version": "0.27.0",
        "communication_protocol_version": "1.5.0",