{"count":1,"self":1156.255232,"total":1157.2423495,"children":{"InitializeActuators":{"count":10,"self":0.0039959999999999996,"total":0.0039959999999999996,"children":null},"InitializeSensors":{"count":10,"self":0.0029939999999999997,"total":0.0029939999999999997,"children":null},"AgentSendState":{"count":214,"self":0.1383256,"total":0.18944909999999998,"children":{"CollectObservations":{"count":2140,"self":0.0120383,"total":0.0120383,"children":null},"WriteActionMask":{"count":2140,"self":0.0070258,"total":0.0070258,"children":null},"RequestDecision":{"count":2140,"self":0.0320594,"total":0.0320594,"children":null}}},"DecideAction":{"count":214,"self":0.6997546,"total":0.78771439999999993,"children":{"RayPerceptionSensor.Perceive":{"count":4280,"self":0.087959799999999991,"total":0.087959799999999991,"children":null}}},"AgentAct":{"count":214,"self":0.0019844999999999997,"total":0.0019844999999999997,"children":null}},"gauges":{},"metadata":{"timer_format_version":"0.1.0","start_time_seconds":"1642534439","unity_version":"2021.2.7f1","command_line_arguments":"D:\\Program Files\\2021.2.7f1\\Editor\\Unity.exe -projectpath D:\\GitHub\\Racing-Elimination -useHub -hubIPC -cloudEnvironment production -licensingIpc LicenseClient-William -hubSessionId 99ef1770-7851-11ec-ac1a-0521528c3193 -accessToken ZHoUWRxNzjXHKPR06lWSeSqSKaJH4MndP8wz8yKhgFk005f","communication_protocol_version":"1.5.0","com.unity.ml-agents_version":"2.0.1","scene_name":"ML-Version 1","end_time_seconds":"1642535596"}}