{"count":1,"self":16.5550416,"total":39.1224674,"children":{"InitializeActuators":{"count":10,"self":0.0010000999999999999,"total":0.0010000999999999999,"children":null},"InitializeSensors":{"count":10,"self":0.0029917999999999998,"total":0.0029917999999999998,"children":null},"AgentSendState":{"count":3246,"self":2.0172346,"total":2.2046365999999997,"children":{"CollectObservations":{"count":32460,"self":0.1112701,"total":0.1112701,"children":null},"WriteActionMask":{"count":32460,"self":0.022076099999999998,"total":0.022076099999999998,"children":null},"RequestDecision":{"count":32460,"self":0.054055799999999994,"total":0.054055799999999994,"children":null}}},"DecideAction":{"count":3246,"self":18.9624864,"total":20.3279373,"children":{"RayPerceptionSensor.Perceive":{"count":64920,"self":1.3654506,"total":1.3654506,"children":null}}},"AgentAct":{"count":3246,"self":0.030860099999999998,"total":0.030860099999999998,"children":null}},"gauges":{"KartAgent.CumulativeReward":{"count":10,"max":76.2938156,"min":32.18253,"runningAverage":63.0175056,"value":71.9529,"weightedAverage":66.28264}},"metadata":{"timer_format_version":"0.1.0","start_time_seconds":"1643210417","unity_version":"2021.2.7f1","command_line_arguments":"C:\\Program Files\\Unity\\Hub\\Editor\\2021.2.7f1\\Editor\\Unity.exe -projectpath C:\/Users\/aweso\/Desktop\/Racing_Elimination\/Racing-Elimination -useHub -hubIPC -cloudEnvironment production -hubSessionId 1606f2e0-7e8f-11ec-9df9-a3b577bdd81e -accessToken pIhROZZ9YOIfOU9O31y-TZ2OlH4OfAAflDi-4G4-Ve0005f","communication_protocol_version":"1.5.0","com.unity.ml-agents_version":"2.0.1","scene_name":"ML-Version 1","end_time_seconds":"1643210456"}}