{"count":1,"self":31.621792,"total":35.8191695,"children":{"InitializeActuators":{"count":30,"self":0.0020017999999999998,"total":0.0020017999999999998,"children":null},"InitializeSensors":{"count":30,"self":0.0030028999999999998,"total":0.0030028999999999998,"children":null},"AgentSendState":{"count":2779,"self":0.77898119999999993,"total":0.8339861,"children":{"CollectObservations":{"count":11062,"self":0.030991599999999998,"total":0.030991599999999998,"children":null},"WriteActionMask":{"count":11062,"self":0.0090102999999999989,"total":0.0090102999999999989,"children":null},"RequestDecision":{"count":11062,"self":0.015002999999999999,"total":0.015002999999999999,"children":null}}},"DecideAction":{"count":2779,"self":3.044304,"total":3.3483853999999997,"children":{"RayPerceptionSensor.Perceive":{"count":22124,"self":0.3040814,"total":0.3040814,"children":null}}},"AgentAct":{"count":2779,"self":0.0079984,"total":0.0079984,"children":null}},"gauges":{},"metadata":{"timer_format_version":"0.1.0","start_time_seconds":"1644255687","unity_version":"2021.2.10f1","command_line_arguments":"D:\\Program Files\\2021.2.10f1\\Editor\\Unity.exe -projectpath D:\\GitHub\\Racing-Elimination -useHub -hubIPC -cloudEnvironment production -licensingIpc LicenseClient-William -hubSessionId 61ef2e20-880d-11ec-8d83-553084a9679d -accessToken vwsiMHXrpFOKFcqidYz7pn4Nb-KleLCw6wleZ0BKTGQ005f","communication_protocol_version":"1.5.0","com.unity.ml-agents_version":"2.0.1","scene_name":"Track 2 Training","end_time_seconds":"1644255723"}}