{
    "name": "root",
    "gauges": {
        "KartAgent.Policy.Entropy.mean": {
            "value": -6.621825218200684,
            "min": -6.621825218200684,
            "max": -0.9503869414329529,
            "count": 34
        },
        "KartAgent.Policy.Entropy.sum": {
            "value": -331091.25,
            "min": -331091.25,
            "max": -7298.9716796875,
            "count": 34
        },
        "KartAgent.Step.mean": {
            "value": 1999984.0,
            "min": 349984.0,
            "max": 1999984.0,
            "count": 34
        },
        "KartAgent.Step.sum": {
            "value": 1999984.0,
            "min": 349984.0,
            "max": 1999984.0,
            "count": 34
        },
        "KartAgent.Policy.ExtrinsicValueEstimate.mean": {
            "value": -13.210785865783691,
            "min": -25.645610809326172,
            "max": -7.334554195404053,
            "count": 34
        },
        "KartAgent.Policy.ExtrinsicValueEstimate.sum": {
            "value": -10436.5205078125,
            "min": -20260.033203125,
            "max": -814.135498046875,
            "count": 34
        },
        "KartAgent.Policy.GailValueEstimate.mean": {
            "value": 16.649152755737305,
            "min": 9.561223983764648,
            "max": 27.86517333984375,
            "count": 34
        },
        "KartAgent.Policy.GailValueEstimate.sum": {
            "value": 13152.830078125,
            "min": 3093.0341796875,
            "max": 14731.78125,
            "count": 34
        },
        "KartAgent.IsTraining.mean": {
            "value": 1.0,
            "min": 1.0,
            "max": 1.0,
            "count": 34
        },
        "KartAgent.IsTraining.sum": {
            "value": 1.0,
            "min": 1.0,
            "max": 1.0,
            "count": 34
        },
        "KartAgent.Losses.PolicyLoss.mean": {
            "value": 0.08377871744645139,
            "min": 0.024750040584088612,
            "max": 0.4006352263704563,
            "count": 33
        },
        "KartAgent.Losses.PolicyLoss.sum": {
            "value": 0.41889358723225695,
            "min": 0.09900016233635445,
            "max": 2.0031761318522814,
            "count": 33
        },
        "KartAgent.Losses.ValueLoss.mean": {
            "value": 7.070242975552877,
            "min": 2.010496864716212,
            "max": 10.337311215400698,
            "count": 33
        },
        "KartAgent.Losses.ValueLoss.sum": {
            "value": 35.351214877764384,
            "min": 8.041987458864847,
            "max": 51.68655607700349,
            "count": 33
        },
        "KartAgent.Policy.LearningRate.mean": {
            "value": 3.208898930399999e-06,
            "min": 3.208898930399999e-06,
            "max": 0.0002436888187704,
            "count": 33
        },
        "KartAgent.Policy.LearningRate.sum": {
            "value": 1.6044494651999995e-05,
            "min": 1.6044494651999995e-05,
            "max": 0.001218444093852,
            "count": 33
        },
        "KartAgent.Policy.Epsilon.mean": {
            "value": 0.10106960000000001,
            "min": 0.10106960000000001,
            "max": 0.1812296,
            "count": 33
        },
        "KartAgent.Policy.Epsilon.sum": {
            "value": 0.505348,
            "min": 0.42470399999999997,
            "max": 0.906148,
            "count": 33
        },
        "KartAgent.Policy.Beta.mean": {
            "value": 6.337303999999997e-05,
            "min": 6.337303999999997e-05,
            "max": 0.00406335704,
            "count": 33
        },
        "KartAgent.Policy.Beta.sum": {
            "value": 0.00031686519999999985,
            "min": 0.00031686519999999985,
            "max": 0.0203167852,
            "count": 33
        },
        "KartAgent.Policy.GAILPolicyEstimate.mean": {
            "value": 0.18074168478449187,
            "min": 0.08953834073618054,
            "max": 0.2195930244773626,
            "count": 33
        },
        "KartAgent.Policy.GAILPolicyEstimate.sum": {
            "value": 0.9037084239224593,
            "min": 0.35815336294472216,
            "max": 1.097965122386813,
            "count": 33
        },
        "KartAgent.Policy.GAILExpertEstimate.mean": {
            "value": 0.814398585955302,
            "min": 0.7534898376464844,
            "max": 0.8615058754881223,
            "count": 33
        },
        "KartAgent.Policy.GAILExpertEstimate.sum": {
            "value": 4.07199292977651,
            "min": 3.2153379082679745,
            "max": 4.139937778313954,
            "count": 33
        },
        "KartAgent.Losses.GAILLoss.mean": {
            "value": 0.5235909808675447,
            "min": 0.26315262441833814,
            "max": 0.6084483540058137,
            "count": 33
        },
        "KartAgent.Losses.GAILLoss.sum": {
            "value": 2.617954904337724,
            "min": 1.0526104976733526,
            "max": 3.0422417700290683,
            "count": 33
        },
        "KartAgent.Policy.GAILGradMagLoss.mean": {
            "value": 0.030444409400224685,
            "min": 0.03038794317593177,
            "max": 0.18495738873879114,
            "count": 33
        },
        "KartAgent.Policy.GAILGradMagLoss.sum": {
            "value": 0.15222204700112343,
            "min": 0.12155177270372708,
            "max": 0.9247869436939558,
            "count": 33
        },
        "KartAgent.Losses.PretrainingLoss.mean": {
            "value": 0.0333586935616951,
            "min": 0.0333586935616951,
            "max": 0.04608672044575664,
            "count": 33
        },
        "KartAgent.Losses.PretrainingLoss.sum": {
            "value": 0.1667934678084755,
            "min": 0.13426353335436741,
            "max": 0.23043360222878317,
            "count": 33
        },
        "KartAgent.Environment.EpisodeLength.mean": {
            "value": 4999.0,
            "min": 4999.0,
            "max": 4999.0,
            "count": 33
        },
        "KartAgent.Environment.EpisodeLength.sum": {
            "value": 49990.0,
            "min": 49990.0,
            "max": 49990.0,
            "count": 33
        },
        "KartAgent.Environment.CumulativeReward.mean": {
            "value": -601.5924052000046,
            "min": -1453.4468025445938,
            "max": -469.5106720685959,
            "count": 33
        },
        "KartAgent.Environment.CumulativeReward.sum": {
            "value": -6015.924052000046,
            "min": -14534.468025445938,
            "max": -4695.106720685959,
            "count": 33
        },
        "KartAgent.Policy.ExtrinsicReward.mean": {
            "value": -601.5924052000046,
            "min": -1453.4468025445938,
            "max": -469.5106720685959,
            "count": 33
        },
        "KartAgent.Policy.ExtrinsicReward.sum": {
            "value": -6015.924052000046,
            "min": -14534.468025445938,
            "max": -4695.106720685959,
            "count": 33
        },
        "KartAgent.Policy.GailReward.mean": {
            "value": 851.9941381664248,
            "min": 438.4256526552141,
            "max": 1024.2114377259277,
            "count": 33
        },
        "KartAgent.Policy.GailReward.sum": {
            "value": 8519.941381664248,
            "min": 4384.256526552141,
            "max": 10242.114377259277,
            "count": 33
        }
    },
    "metadata": {
        "timer_format_version": "0.1.0",
        "start_time_seconds": "1642064760",
        "python_version": "3.9.5 (tags/v3.9.5:0a7dcbd, May  3 2021, 17:27:52) [MSC v.1928 64 bit (AMD64)]",
        "command_line_arguments": "D:\\GitHub\\Racing-Elimination\\venv\\Scripts\\mlagents-learn config/raceTrackLeft.yaml --run-id=KartAgent2 --resume",
        "mlagents_version": "0.27.0",
        "mlagents_envs_version": "0.27.0",
        "communication_protocol_version": "1.5.0",
        "pytorch_version": "1.7.1+cu110",