{
    "name": "root",
    "gauges": {
        "MoveToGoal.Policy.Entropy.mean": {
            "value": 1.395792841911316,
            "min": 1.395792841911316,
            "max": 1.4184722900390625,
            "count": 10
        },
        "MoveToGoal.Policy.Entropy.sum": {
            "value": 69901.3046875,
            "min": 69883.640625,
            "max": 70923.6171875,
            "count": 10
        },
        "MoveToGoal.Step.mean": {
            "value": 499982.0,
            "min": 49992.0,
            "max": 499982.0,
            "count": 10
        },
        "MoveToGoal.Step.sum": {
            "value": 499982.0,
            "min": 49992.0,
            "max": 499982.0,
            "count": 10
        },
        "MoveToGoal.Policy.ExtrinsicValueEstimate.mean": {
            "value": 0.8024935722351074,
            "min": -0.17503437399864197,
            "max": 0.8024935722351074,
            "count": 10
        },
        "MoveToGoal.Policy.ExtrinsicValueEstimate.sum": {
            "value": 1052.87158203125,
            "min": -174.85934448242188,
            "max": 1052.87158203125,
            "count": 10
        },
        "MoveToGoal.Environment.EpisodeLength.mean": {
            "value": 70.96418338108883,
            "min": 70.96418338108883,
            "max": 199.0,
            "count": 10
        },
        "MoveToGoal.Environment.EpisodeLength.sum": {
            "value": 49533.0,
            "min": 49269.0,
            "max": 49991.0,
            "count": 10
        },
        "MoveToGoal.Environment.CumulativeReward.mean": {
            "value": 1.0,
            "min": -0.1952191235059761,
            "max": 1.0,
            "count": 10
        },
        "MoveToGoal.Environment.CumulativeReward.sum": {
            "value": 699.0,
            "min": -49.0,
            "max": 699.0,
            "count": 10
        },
        "MoveToGoal.Policy.ExtrinsicReward.mean": {
            "value": 1.0,
            "min": -0.1952191235059761,
            "max": 1.0,
            "count": 10
        },
        "MoveToGoal.Policy.ExtrinsicReward.sum": {
            "value": 699.0,
            "min": -49.0,
            "max": 699.0,
            "count": 10
        },
        "MoveToGoal.Losses.PolicyLoss.mean": {
            "value": 0.025906408166823287,
            "min": 0.022428548525397975,
            "max": 0.025906408166823287,
            "count": 10
        },
        "MoveToGoal.Losses.PolicyLoss.sum": {
            "value": 0.12953204083411643,
            "min": 0.09644022619662185,
            "max": 0.12953204083411643,
            "count": 10
        },
        "MoveToGoal.Losses.ValueLoss.mean": {
            "value": 0.00038166866744480406,
            "min": 2.0613944608764242e-05,
            "max": 0.010932834467190938,
            "count": 10
        },
        "MoveToGoal.Losses.ValueLoss.sum": {
            "value": 0.0019083433372240203,
            "min": 8.245577843505697e-05,
            "max": 0.05466417233595469,
            "count": 10
        },
        "MoveToGoal.Policy.LearningRate.mean": {
            "value": 1.518741493756e-05,
            "min": 1.518741493756e-05,
            "max": 0.000284028005324,
            "count": 10
        },
        "MoveToGoal.Policy.LearningRate.sum": {
            "value": 7.59370746878e-05,
            "min": 7.59370746878e-05,
            "max": 0.0012777090740969997,
            "count": 10
        },
        "MoveToGoal.Policy.Epsilon.mean": {
            "value": 0.10506244000000002,
            "min": 0.10506244000000002,
            "max": 0.19467600000000007,
            "count": 10
        },
        "MoveToGoal.Policy.Epsilon.sum": {
            "value": 0.5253122000000001,
            "min": 0.5253122000000001,
            "max": 0.9259030000000001,
            "count": 10
        },
        "MoveToGoal.Policy.Beta.mean": {
            "value": 0.00026261575599999997,
            "min": 0.00026261575599999997,
            "max": 0.0047343324,
            "count": 10
        },
        "MoveToGoal.Policy.Beta.sum": {
            "value": 0.0013130787799999998,
            "min": 0.0013130787799999998,
            "max": 0.021302559699999998,
            "count": 10
        },
        "MoveToGoal.IsTraining.mean": {
            "value": 1.0,
            "min": 1.0,
            "max": 1.0,
            "count": 10
        },
        "MoveToGoal.IsTraining.sum": {
            "value": 1.0,
            "min": 1.0,
            "max": 1.0,
            "count": 10
        }
    },
    "metadata": {
        "timer_format_version": "0.1.0",
        "start_time_seconds": "1641563636",
        "python_version": "3.9.5 (tags/v3.9.5:0a7dcbd, May  3 2021, 17:27:52) [MSC v.1928 64 bit (AMD64)]",
        "command_line_arguments": "D:\\GitHub\\Racing-Elimination\\venv\\Scripts\\mlagents-learn --run-id=test2mlagents-learn --torch-device cpu --force --run-id=Test3",
        "mlagents_version": "0.27.0",
        "mlagents_envs_version": "0.27.0",
        "communication_protocol_version": "1.5.0",
        "pytorch_version": "1.7.1+cu110",
        "numpy_version": "1.22.0",
        "end_time_seconds": "1641564117"
    },
    "total": 480.7501593,
    "count": 1,
    "self": 0.007516500000008364,
    "children": {
        "run_training.setup": {
            "total": 0.02608009999999994,
            "count": 1,
            "self": 0.02608009999999994
        },
        "TrainerController.start_learning": {
            "total": 480.7165627,
            "count": 1,
            "self": 1.033265999997809,
            "children": {
                "TrainerController._reset_env": {
                    "total": 5.9623478,
                    "count": 1,
                    "self": 5.9623478
                },
                "TrainerController.advance": {
                    "total": 473.6792049000023,
                    "count": 52416,
                    "self": 1.0265308000097662,
                    "children": {
                        "env_step": {
                            "total": 345.4673419999941,
                            "count": 52416,
                            "self": 302.45538130000324,
                            "children": {
                                "SubprocessEnvManager._take_step": {
                                    "total": 42.292630199994065,
                                    "count": 52416,
                                    "self": 3.1965707999934665,
                                    "children": {
                                        "TorchPolicy.evaluate": {
                                            "total": 39.0960594000006,
                                            "count": 50037,
                                            "self": 6.884454400007385,
                                            "children": {
                                                "TorchPolicy.sample_actions": {
                                                    "total": 32.21160499999321,
                                                    "count": 50037,
                                                    "self": 32.21160499999321
                                                }
                                            }
                                        }
                                    }
                                },
                                "workers": {
                                    "total": 0.7193304999967927,
                                    "count": 52416,
                                    "self": 0.0,
                                    "children": {
                                        "worker_root": {
                                            "total": 473.47897140000543,
                                            "count": 52416,
                                            "is_parallel": true,
                                            "self": 230.58421210000404,